{
    "nodes": [
        {
            "name":"Facebook",       
            "group":1
        },
        {
            "name":"Reddit", 
            "group":2
        },
        {
            "name":"Tumblr",
            "group":3
        },
        {
            "name":"Google",    
            "group":3
        }
    ],
    "links": [
        {
            "source":1, 
            "target":0, 
            "value":1
        },
        {
            "source":1, 
            "target":2, 
            "value":1
        },
        {
            "source":1, 
            "target":3, 
            "value":1
        }
    ]
}